registration-district	registration-district-name	address1	address2	address3	address4	postcode
218	BARKING AND DAGENHAM (218)	Barking and Dagenham Register Office	Dagenham	Woodlands House Rainham Road North	Dagenham	RM10 7ER
218	BARKING AND DAGENHAM (218)	The Register Office	Woodlands House Rainham Road North	Dagenham		RM10 7ER
219	BARNET (219)	Barnet Register Office 182 Burnt Oak Broadway Edgware	Middx			HA8 OAU
219	BARNET (219)	The Register Office	182 Burnt Oak Broadway Edgware	Middx		HA8 OAU
041	BARNSLEY (041)	Barnsley Register Office	Town Hall Barnsley			S70 2TA
300	BATH AND NORTH EAST SOMERSET (300)	Bath and North East Somerset Register Office	Bath	The Guildhall High Street	Bath	BA1 5AW
300	BATH AND NORTH EAST SOMERSET (300)	Bath and North East Somerset Register Office	The Guildhall	High Street Bath		BA1 5AW
300	BATH AND NORTH EAST SOMERSET (300)	The Hollies High Street	Midsomer Norton	Bath		BA3 2DP
316	BEDFORD (316)	Bedford Register Office	Old Town Hall St. Pauls Square	Bedford		MK40 1SJ
316	BEDFORD (316)	Bedford Register Office	Old Town Hall St Pauls Square	Bedford		MK40 1SQ
220	BEXLEY (220)	Bexley Register Office	Danson House Danson Road	Bexleyheath	Kent	DA6 8HL
061	BIRMINGHAM (061)	Birmingham Register Office	Holliday Wharf Holliday Street	Birmingham		B1 1TJ
061	BIRMINGHAM (061)	Register Office	Holliday Wharf Holliday Street	Birmingham		B1 1TJ
580	BLACKBURN WITH DARWEN (580)	Blackburn With Darwen Register Office Town Hall	King William Street	Blackburn		BB1 7DY
580	BLACKBURN WITH DARWEN (580)	Register Office	Town Hall King William Street	Blackburn		BB1 7DY
581	BLACKPOOL (581)	Blackpool Register Office Festival House	People`s Promenade Blackpool	Lancashire		FY1 1AP
581	BLACKPOOL (581)	Head Office Customer First Centre	Municipal Buildings Corporation Street	Blackpool		FY1 1NF
833	BLAENAU GWENT (833)	Blaenau Gwent Register Office	Tredegar Bedwellty House	Bedwellty Park Morgan Street	Tredegar Blaenau Gwent	NP22 3XN
833	BLAENAU GWENT (833)	The Register Office	Bedwellty House Bedwellty Park	Morgan Street Tredegar		NP22 3XN
833	BLAENAU GWENT (833)	Council Offices Mitre Street	Abertillery			NP13 1AE
002	BOLTON (002)	Bolton Register Office	Mere Hall Merehall Street	Bolton		BL1 2QT
002	BOLTON (002)	Bolton Town Hall Ground Floor	Victoria Square Bolton			BL1 1SA
002	BOLTON (002)	Bury Register Office Town Hall	Manchester Road	Bury		BL9 0SW
427	BOURNEMOUTH (427)	The Register Office	Bournemouth Bournemouth Town Hall Bournemouth			BH2 6DY
427	BOURNEMOUTH (427)	The Town Hall	Bourne Avenue Bournemouth			BH2 6DY
318	BRACKNELL FOREST (318)	Bracknell Forest Register Office	Bracknell	Time Square Market Street Bracknell	Berkshire	RG12 1JD
318	BRACKNELL FOREST (318)	Bracknell Forest Register Office Time Square Market Street Bracknell	Berkshire			RG12 1JD
083	BRADFORD AND KEIGHLEY (083)	Bradford and Keighley Register Office	Bradford	City Hall Centenary Square	Bradford	BD1 1HY
083	BRADFORD AND KEIGHLEY (083)	Town Hall Bow Street	Keighley			BD21 3PA
221	BRENT (221)	Brent Register Office	Brent Civic Centre Engineers Way	Wembley Middlesex		HA9 0FJ
221	BRENT (221)	The Register Office	Brent Civic Centre Engineers Way	Wembley Middlesex		HA9 0FJ
861	BRIDGEND (861)	Bridgend Register Office	Ty`r Ardd Sunnyside	Bridgend		CF31 4AR
861	BRIDGEND (861)	The Register Office	Ty`r Ardd Sunnyside	Bridgend		CF31 4AR
452	BRIGHTON AND HOVE (452)	Brighton and Hove Register Office	Brighton	Brighton Town Hall Bartholomews	Brighton	BN1 1JA
452	BRIGHTON AND HOVE (452)	Brighton and Hove Register Office Brighton Town Hall Bartholomews	Brighton			BN1 1JA
301	BRISTOL (301)	Bristol Register Office The Old Council House Corn Street	Bristol			BS1 1JG
301	BRISTOL (301)	The Atrium	Main Concourse	Brunel Building Southmead Hospital	Bristol	BS10 5NB
222	BROMLEY (222)	Bromley Register Office Bromley Civic Centre Stockwell Close	Bromley			BR1 3UH
222	BROMLEY (222)	The Register Office	Bromley Civic Centre Stockwell Close	Bromley		BR1 3UH
328	BUCKINGHAMSHIRE (328)	Buckinghamshire Register Office County Offices Walton Street	Aylesbury	Bucks		HP20 1XF
328	BUCKINGHAMSHIRE (328)	Buckinghamshire Register Office	Aylesbury	County Offices Walton Street	Aylesbury	HP20 1XF
328	BUCKINGHAMSHIRE (328)	Beaconsfield Old Town Registration Office 29 Windsor End	Beaconsfield			HP9 2JJ
003	BURY (003)	Bury Register Office	Town Hall Manchester Road	Bury	Lancashire	BL9 0SW
863	CAERPHILLY (863)	Caerphilly Register Office	Ystrad Mynach Penallta House	tredomen Park Ystrad Mynach	Hengoed	CF82 7PG
863	CAERPHILLY (863)	The Register Office Penallta House	Tredomen Park Ystrad Mynach		Hengoed	CF82 7PG
086	CALDERDALE (086)	Calderdale Register Office	Halifax Spring Hall Huddersfield Road	Halifax		HX3 0AQ
086	CALDERDALE (086)	Calderdale Register Office	Spring Hall Huddersfield Road	Halifax		HX3 0AQ
339	CAMBRIDGESHIRE (339)	Cambridgeshire Register Office Cambridge Shire Hall Castle Hill	Cambridge			CB3 0AP
339	CAMBRIDGESHIRE (339)	Old School House 74 Market Street Ely	Cambridgeshire			CB7 4LS
250	CAMDEN (250)	Camden Register Office	Camden Town Hall Judd Street	London		WC1H 9JE
890	CARDIFF (890)	Cardiff Register Office	City Hall Cathays Park	Cardiff		CF10 3ND
890	CARDIFF (890)	Register Office	City Hall Cathays Park	Cardiff		CF10 3ND
822	CARMARTHENSHIRE (822)	Carmarthenshire Register Office Carmarthen	Parc Myrddin Richmond Terrace	Carmarthen		SA31 1HQ
822	CARMARTHENSHIRE (822)	The Register Office	Parc Myrddin Richmond Terrace	Carmarthen		SA31 1HQ
822	CARMARTHENSHIRE (822)	2 Coleshill Terrace Llanelli				SA15 3DB
822	CARMARTHENSHIRE (822)	3b Wind Street Ammanford	Carmarthenshire			SA18 3DN
317	CENTRAL BEDFORDSHIRE (317)	The Central Bedfordshire Register Office The Court House Woburn Street	Ampthill			MK45 2HX
317	CENTRAL BEDFORDSHIRE (317)	Central Bedfordshire Register Office The Court House Woburn Street	Ampthill	Bedford		MK45 2HX
823	CEREDIGION (823)	Ceredigion Register Office Aberystwyth Canolfan Rheidol	Rhodfa Padarn Llanbadarn Fawr	Aberystwyth		SY23 3UE
823	CEREDIGION (823)	Registration Office Morgan Street Cardigan	Ceredigion			SA43 1DF
342	CHESHIRE EAST (342)	Cheshire East Register Office Crewe Municipal Buildings Earle Street	Crewe			CW1 2BJ
342	CHESHIRE EAST (342)	Municipal Buildings	Earle Street Crewe			CW1 2JB
345	CHESHIRE WEST AND CHESTER (345)	Cheshire West and Chester Register Office Chester	Goldsmith House Goss Street	Chester		CH1 2BG
345	CHESHIRE WEST AND CHESTER (345)	Goldsmith House	Goss Street Chester			CH1 2BG
846	CONWY (846)	Conwy Register Office Llandudno The Town Hall Lloyd Street	Llandudno			LL30 2UP
371	CORNWALL (371)	Cornwall Register Office Truro Dalvenie House County Hall	Truro			TR1 3AY
371	CORNWALL (371)	Chy Trevail Beacon Technology Park Bodmin	Cornwall			PL31 2FR
371	CORNWALL (371)	Jayne Hooper House 6-7 Artists Terrace Heartlands Pool	Camborne	Cornwall		TR15 3FE
371	CORNWALL (371)	Skol Goth Albany Place	Falmouth			TR11 3BZ
371	CORNWALL (371)	Polkyth House 12 Carlyon Road St Austell Cornwall				PL25 4LD
371	CORNWALL (371)	Newquay One Stop Shop Marcus Hill	Newquay			TR7 1AF
442	COUNTY OF DURHAM (442)	County of Durham Register Office	Bishop Auckland Cockton House	35 Cockton Hill Road Bishop Auckland	Co. Durham	DL14 6HS
442	COUNTY OF DURHAM (442)	County of Durham Register Office Cockton House	35 Cockton Hill Road Bishop Auckland	Co. Durham		DL14 6HS
063	COVENTRY (063)	Coventry Register Office Cheylesmore Manor House Manor House Drive	Coventry			CV1 2ND
063	COVENTRY (063)	The Register Office Cheylesmore Manor House Manor House Drive	Coventry			CV1 2ND
225	CROYDON (225)	Croydon Register Office	The Town Hall Fell Road	Croydon		CR0 1NX
225	CROYDON (225)	Register Office	The Town Hall Fell Road	Croydon		CR0 1NX
387	CUMBRIA (387)	Cumbria Register Office Kendal County Offices Kendal				LA9 1RQ
387	CUMBRIA (387)	The Register Office	County Offices Kendal			LA9 1RQ
387	CUMBRIA (387)	The Registration Office	Lady Gillford`s House Petteril Bank Road	Carlisle		CA1 3AJ
387	CUMBRIA (387)	The Registration Office Flatts Walks	Whitehaven			CA28 7RW
436	DARLINGTON (436)	Darlington Register Office	The Town Hall Darlington			DL1 5QT
436	DARLINGTON (436)	The Town Hall	Darlington -	-		DL1 5QT
811	DENBIGHSHIRE NORTH (811)	Denbighshire North Register Office	Rhyl Morfa Clwyd Marsh Road	Rhyl	Denbighshire	LL18 2AF
811	DENBIGHSHIRE NORTH (811)	Register Office	Morfa Clwyd Marsh Road	Rhyl Denbighshire		LL18 2AF
805	DENBIGHSHIRE SOUTH (805)	Denbighshire South Register Office	Ruthin	Town Hall Wynnstay Road	Ruthin Denbighshire	LL15 1YN
805	DENBIGHSHIRE SOUTH (805)	The Register Office Town Hall Wynnstay Road Ruthin	Denbighshire			LL15 1YN
394	DERBY (394)	Derby Register Office	Council House Corporation Street	Derby		DE1 2FS
398	DERBYSHIRE (398)	Derbyshire Register Office	Chesterfield New Beetwell Street Chesterfield	Derbyshire		S40 1QJ
398	DERBYSHIRE (398)	Ashbourne Registration Office The Library	2 Compton	Ashbourne		DE6 1DA
398	DERBYSHIRE (398)	Ilkeston Registration Office 87 Lord Haddon Road	Ilkeston			DE7 8AX
398	DERBYSHIRE (398)	Matlock Registration Office Town Hall	Matlock			DE4 3NN
423	DEVON (423)	Devon Register Office Newton Abbot Brunel Road Newton Abbot				TQ12 4XX
423	DEVON (423)	Devon Register Office	Newton Abbot Brunel Road Newton Abbot	Devon		TQ12 4XX
423	DEVON (423)	Civic Centre Paris Street	Exeter			EX1 1JN
423	DEVON (423)	Torridge Registration Office Caddsdown Business Support Ser Farm Road	Bideford			EX39 3DX
042	DONCASTER (042)	Doncaster Register Office	Elmfield Park Doncaster	South Yorkshire		DN1 2EB
429	DORSET (429)	Dorset Register Office	Dorchester Dorset History Centre Bridport Road	Dorchester		DT1 1RP
429	DORSET (429)	Dorset Register Office Dorset History Centre Bridport Road	Dorchester			DT1 1RP
065	DUDLEY (065)	Dudley Register Office Priory Hall	Priory Park Dudley	West Midlands		DY1 4EU
065	DUDLEY (065)	The Register Office Priory Hall	Priory Park Dudley	West Midlands		DY1 4EU
226	EALING (226)	Ealing Register Office	Ealing Town Hall New Broadway	Ealing	London	W5 2BY
226	EALING (226)	Register Office	Ealing Town Hall New Broadway	London		W5 2BY
541	EAST RIDING OF YORKSHIRE (541)	East Riding of Yorkshire Register Office	Beverley	Walkergate House Walkergate	Beverley	HU17 9BP
541	EAST RIDING OF YORKSHIRE (541)	Register Office	Walkergate House Walkergate	Beverley		HU17 9BP
541	EAST RIDING OF YORKSHIRE (541)	Council Offices Market Green	Cottingham			HU16 5QG
541	EAST RIDING OF YORKSHIRE (541)	Customer Service Centre Westgarth Mill Street	Driffield			YO25 6TP
541	EAST RIDING OF YORKSHIRE (541)	Withernsea Centre 243 Queen Street	Withernsea			HU19 2HH
462	EAST SUSSEX (462)	East Sussex Register Office	Hastings Hastings Town Hall Queens Road	Hastings	East Sussex	TN34 1QR
462	EAST SUSSEX (462)	East Sussex Register Office	Hastings Town Hall Queens Road	Hastings	East Sussex	TN34 1EE
462	EAST SUSSEX (462)	Eastbourne Register Office	Town Hall	Grove Road Eastbourne	East Sussex	BN21 4UG
462	EAST SUSSEX (462)	Crowborough Registration Office	First Floor 1 Southview Close	Crowborough		TN6 1HH
462	EAST SUSSEX (462)	Lewes Registration Office	Westfield House St Anne`s Crescent	Lewes		BN7 1TP
227	ENFIELD (227)	Enfield Register Office	Public Offices 1 Gentleman`s Row	Enfield	Middx	EN2 6PS
227	ENFIELD (227)	Enfield Register Office Public Offices	Gentleman`s Row Enfield	Middlesex		EN2 6PS
463	ESSEX (463)	Essex Register Office Chelmsford Seax House	County Hall	Victoria Road South Chelmsford	Essex	CM1 1QH
804	FLINTSHIRE (804)	Flintshire Register Office	Mold Llwynegrin Hall Mold	Flintshire		CH7 6NR
804	FLINTSHIRE (804)	Flintshire Register Office	Llwynegrin Hall Mold	Flintshire		CH7 6NR
051	GATESHEAD (051)	Gateshead Register Office	Civic Centre Regent Street Gateshead	Tyne and Wear		NE8 1HH
051	GATESHEAD (051)	Gateshead Register Office Civic Centre Regent Street Gateshead	Tyne and Wear			NE8 1HH
488	GLOUCESTERSHIRE (488)	Gloucestershire Register Office	Cheltenham	St Georges Road Cheltenham	Gloucester	GL50 3EW
488	GLOUCESTERSHIRE (488)	Gloucestershire Register Office St Georges Road Cheltenham	Gloucester			GL50 3EW
229	GREENWICH (229)	Greenwich Register Office	Town Hall Wellington Street	London		SE18 6PW
229	GREENWICH (229)	Town Hall	Wellington Street London			SE18 6PW
855	GWYNEDD (855)	Gwynedd Register Office Caernarfon Council Offices Caernarfon	Gwynedd			LL55 1SH
855	GWYNEDD (855)	Cae Penarlag Dolgellau	Gwynedd			LL40 2YB
230	HACKNEY (230)	Hackney Register Office Hackney Service Centre 1 Hillman Street Hackney	London			E8 1DY
230	HACKNEY (230)	Hackney Service Centre	1 Hillman Street Hackney	London		E8 1DY
343	HALTON (343)	Halton Register Office	Runcorn Town Hall	Heath Road Runcorn	Cheshire	WA7 5TN
343	HALTON (343)	Halton Register Office Town Hall	Heath Road Runcorn	Cheshire		WA7 5TN
260	HAMMERSMITH AND FULHAM (260)	Hammersmith and Fulham Register Office Hammersmith Town Hall King Street	London			W6 9JU
260	HAMMERSMITH AND FULHAM (260)	Hammersmith and Fulham Register Office Hammersmith Town Hall	King Street King Street	London		W6 9JU
504	HAMPSHIRE (504)	Hampshire Register Office Winchester High Street Castle Hill	Winchester	Hampshire		SO23 8UL
504	HAMPSHIRE (504)	Hampshire Register Office Winchester Castle Hill High Street	Hampshire			SO23 8UL
504	HAMPSHIRE (504)	30 Grosvenor Road Aldershot	Hampshire			GU11 3EB
504	HAMPSHIRE (504)	4 Queens Road Alton	Hampshire			GU34 1HU
504	HAMPSHIRE (504)	Andover Registration Office Beech Hurst	Weyhill Road	Andover		SP10 3AJ
504	HAMPSHIRE (504)	The Library The Swan Shopping Centre	Wells Place	Eastleigh		SO50 5SF
504	HAMPSHIRE (504)	4 - 8 Osborn Road South Fareham	Hampshire			PO16 7DG
504	HAMPSHIRE (504)	Gosport Discovery Centre High Street	Gosport Hampshire			PO121BT
504	HAMPSHIRE (504)	Petersfield Library 27 the Square	Petersfield			GU32 3HH
504	HAMPSHIRE (504)	Ringwood Gatewa Y	the Furlong Ringwood	Hampshire		BH24 1AT
504	HAMPSHIRE (504)	Romsey Town Hall 1 Market Place	Romsey Hampshire			SO51 8YZ
233	HARINGEY (233)	Haringey Register Office	Civic Centre High Road	Wood Green	London	N22 8LE
233	HARINGEY (233)	Civic Centre	High Road Wood Green	London		N22 4LE
232	HARROW (232)	Harrow Register Office	Civic Centre Station Road	Harrow		HA1 2XY
232	HARROW (232)	The Register Office	Civic Centre Station Road	Harrow		HA1 2UX
351	HARTLEPOOL (351)	Hartlepool Register Office	Civic Centre Victoria Road	Hartlepool		TS24 8AY
351	HARTLEPOOL (351)	The Register Office	Civic Centre Victoria Road	Hartlepool		TS24 8AY
234	HAVERING (234)	Havering Register Office ` Langtons` Billet Lane Hornchurch	Essex			RM11 1XL
234	HAVERING (234)	` Langtons`	Billet Lane Hornchurch	Essex		RM11 1XL
511	HEREFORDSHIRE (511)	Herefordshire Register Office	Hereford Town Hall St Owen Street	Hereford		HR1 2PJ
511	HEREFORDSHIRE (511)	Customer Service Centre Corn Square	Leominster			HR6 8YP
538	HERTFORDSHIRE (538)	Hertfordshire Register Office Hatfield 19b St Albans Road East Hatfield	Hertfordshire			AL10 0NG
538	HERTFORDSHIRE (538)	Hatfield Office	19b St Albans Road East Hatfield	Hertfordshire		AL10 0NG
538	HERTFORDSHIRE (538)	Watford Office 31 Hempstead Road	Watford			WD17 3EY
538	HERTFORDSHIRE (538)	Hemel Hempstead Registration Office The Forum	Marlowes Hemel Hempstead			HP1 1DN
538	HERTFORDSHIRE (538)	Hertford Office County Hall	Pegs Lane	Hertford		SG13 8DE
538	HERTFORDSHIRE (538)	Stevenage Office Danesgate	Stevenage			SG1 1WW
236	HILLINGDON (236)	Hillingdon Register Office	Civic Centre High Street	Uxbridge	Middx	UB8 1UW
236	HILLINGDON (236)	The Register Office	Civic Centre High Street	Uxbridge	Middx	UB8 1UW
237	HOUNSLOW (237)	Hounslow Register Office Harlington Road West Feltham	Hounslow			TW14 0JJ
550	HULL (550)	Hull Register Office	The Wilson Centre 1 Alfred Gelder Street	Hull		HU1 2AG
550	HULL (550)	The Wilson Centre	1 Alfred Gelder Street Hull			HU1 2AG
556	ISLE OF WIGHT (556)	Isle of Wight Register Office	Newport Seaclose Offices Fairlee Road	Newport Iow		PO30 2QS
556	ISLE OF WIGHT (556)	Seaclose Offices	Fairlee Road Newport	Isle of Wight		PO30 2QS
360	ISLES OF SCILLY (360)	Isles of Scilly Register Office	St Mary`s	Isles of Scilly		TR21 0JZ
360	ISLES OF SCILLY (360)	Register Office	St Mary`s Isles of Scilly			TR21 0JZ
238	ISLINGTON (238)	Islington Register Office Islington Town Hall Upper Street	London			N1 2UD
238	ISLINGTON (238)	Islington Town Hall	Upper Street London			N1 2UD
239	KENSINGTON AND CHELSEA (239)	Kensington and Chelsea Register Office Chelsea Old Town Hall Kings Road	London			SW3 5EE
239	KENSINGTON AND CHELSEA (239)	The Register Office	Chelsea Old Town Hall Kings Road	London		SW3 5EE
564	KENT (564)	Kent Register Office	Maidstone The Archbishop`s Palace Palace Gardens	Mill Street Maidstone	Kent	ME15 6YE
564	KENT (564)	See A - Z Offices	As Below .			AS BELOW
564	KENT (564)	Whitstable Library 31 - 33 Oxford Street	Whitstable			CT5 1DB
564	KENT (564)	Herne Bay Library 124 High Street	Herne Bay			CT6 5JY
564	KENT (564)	Dover Library Dover Discovery Centre Market Square	Dover			CT16 1PH
564	KENT (564)	Thanet`s Gateway Plus Cecil Square	Margate			CT9 1RE
564	KENT (564)	Folkestone Library 2 Grace Hill	Folkestone			CT20 1HD
564	KENT (564)	Hythe Library 1 Stade Street	Hythe	Kent		CT21 6BQ
564	KENT (564)	Tenterden Library 2 Manor Way	High Street Tenterden			TN30 6HP
564	KENT (564)	Tunbridge Wells Library Mount Pleasant Road Tunbridge Wells				TN1 1NS
564	KENT (564)	Canterbury Library 18 High Street	Canterbury			CT1 2RA
564	KENT (564)	Ashford Gateway Plus Church Road	Ashford			TN23 1AS
240	KINGSTON UPON THAMES (240)	Kingston Upon Thames Register Office Guildhall High Street	Kingston Upon Thames			KT1 1EU
240	KINGSTON UPON THAMES (240)	Guildhall	High Street Kingston Upon Thames			KT1 1EU
090	KIRKLEES (090)	Kirklees Register Office Dewsbury The Town Hall Old Wakefield Road Dewsbury	West Yorkshire			WF12 8DG
023	KNOWSLEY (023)	Knowsley Register Office	Prescot District Council Offices High Street	Prescot	Merseyside	L34 3LD
023	KNOWSLEY (023)	Knowsley Register Office District Council Offices High Street	Prescot	Merseyside		L34 3LD
241	LAMBETH (241)	Lambeth Register Office	Redfearn Centre 329 Kennington Lane	London		SE11 5QY
591	LANCASHIRE (591)	Lancashire Register Office Preston Bow Lane	Preston			PR1 8SE
591	LANCASHIRE (591)	The Register Office	East Cliff Preston			PR1 3JT
591	LANCASHIRE (591)	Mechanics Institute Willow Street	Accrington			BB5 1LP
591	LANCASHIRE (591)	Georgian House 4 Queens Street	Lancaster			LA1 1RS
591	LANCASHIRE (591)	West Lancashire Registration Office Charter House	52 Derby Street Ormskirk			L39 2DF
092	LEEDS (092)	Leeds Register Office 2 Great George Street Leeds	West Yorkshire			LS2 8BA
600	LEICESTER (600)	Leicester Register Office	The Town Hall Leicester			LE1 9BG
600	LEICESTER (600)	The Register Office	The Town Hall Leicester			LE1 9BG
605	LEICESTERSHIRE (605)	Leicestershire Register Office	Glenfield Anstey Frith House County Hall Grounds	Glenfield Leicestershire		LE3 8RN
605	LEICESTERSHIRE (605)	Leicestershire Register Office Anstey Frith House	County Hall Grounds Glenfield	Leicestershire		LE3 8RN
605	LEICESTERSHIRE (605)	Registration Service Coalville	Stenson House	London Road	Coalville Leicestershire	LE67 3FN
242	LEWISHAM (242)	Lewisham Register Office 368 Lewisham High Street London				SE13 6LQ
242	LEWISHAM (242)	The Register Office 368 Lewisham High Street London				SE13 6LQ
609	LINCOLNSHIRE (609)	Lincolnshire Register Office	Lincoln 4 Lindum Road Lincoln	Lincolnshire		LN2 1NN
609	LINCOLNSHIRE (609)	Lincolnshire Register Office	4 Lindum Road Lincoln	Lincolnshire		LN2 1NN
609	LINCOLNSHIRE (609)	Aura Skegness Business Centre Heath Road	Skegness			PE25 23J
609	LINCOLNSHIRE (609)	South Kesteven Community Point and Library 3 Abbey Road	Bourne			PE10 9EF
609	LINCOLNSHIRE (609)	Municipal Buildings 2 St Mary`s Hill	Stamford Lincolnshire			PE9 2DR
609	LINCOLNSHIRE (609)	Richmond House Richmond Park	Gainsborough Lincolnshire			DN21 2RJ
025	LIVERPOOL (025)	Liverpool Register Office Heritage Entrance	St George`s Hall St George`s Place	Liverpool		L1 1JJ
243	LONDON CITY (243)	London City Register Office Islington Town Hall Upper Street	London			N1 2UD
243	LONDON CITY (243)	Islington Town Hall	Upper Street Islington	London		N1 2UD
315	LUTON (315)	Luton Register Office	6 George Street West Luton			LU1 2BJ
315	LUTON (315)	Register Office	6 George Street West Luton			LU1 2BJ
006	MANCHESTER (006)	Manchester Register Office	Heron House 47 Lloyd Street	Manchester		M2 5LE
561	MEDWAY (561)	Medway Register Office	Rochester Northgate Rochester			ME1 1LS
561	MEDWAY (561)	Medway Register Office	Rochester Northgate	Rochester		ME1 1LS
860	MERTHYR TYDFIL (860)	Merthyr Tydfil Register Office	Ty Penderyn 26 High Street	Merthyr Tydfil		CF47 8DP
860	MERTHYR TYDFIL (860)	Register Office	Ty Penderyn 26 High Street	Merthyr Tydfil		CF47 8DP
244	MERTON (244)	Merton Register Office	Morden Morden Park House Morden Park	London Road Morden	Surrey	SM4 5QU
244	MERTON (244)	The Register Office	Morden Park House Morden Park	London Road Morden	Surrey	SM4 5QU
348	MIDDLESBROUGH (348)	Middlesbrough Register Office	Town Hall Albert Road	Middlesbrough		TS1 1JH
348	MIDDLESBROUGH (348)	District Register Office	Town Hall Albert Road	Middlesbrough		TS1 1JH
348	MIDDLESBROUGH (348)	Bereavement Service	Murray Building James Cook University Hospital Marton Rd	Middlesbrough		TS4 3BW
326	MILTON KEYNES (326)	Milton Keynes Register Office Bracknell House	Aylesbury Street Bletchley	Milton Keynes		MK2 2BE
326	MILTON KEYNES (326)	Bracknell House	Aylesbury Street Bletchley	Milton Keynes		MK2 2BE
839	MONMOUTHSHIRE (839)	Monmouthshire Register Office	Usk The Rhadyr Usk	Monmouthshire		NP15 1GA
839	MONMOUTHSHIRE (839)	Monmouthshire Register Office	The Rhadyr Usk	Monmouthshire		NP15 1GA
896	NEATH PORT TALBOT (896)	Neath Port Talbot Register Office 119 London Road Neath	Neath Port Talbot			SA11 1HL
896	NEATH PORT TALBOT (896)	The Register Office	119 London Road Neath	Neath Port Talbot		SA11 1HL
053	NEWCASTLE UPON TYNE (053)	Newcastle Upon Tyne Register Office The Civic Centre Barras Bridge	Newcastle Upon Tyne			NE1 8PS
053	NEWCASTLE UPON TYNE (053)	The Register Office	The Register Office Civic Centre	Newcastle Upon Tyne		NE1 8PS
257	NEWHAM (257)	Newham Register Office Passmore Edwards Building 207 Plashet Grove	East Ham	London		E6 1BT
836	NEWPORT (836)	Newport Register Office	The Mansion House 4 Stow Park Circle	Newport		NP20 4HE
836	NEWPORT (836)	The Mansion House	4 Stow Park Circle Newport	South Wales		NP20 4HE
642	NORFOLK (642)	Norfolk Register Office Norwich The Archive Centre	County Hall Martineau Lane	Norwich		NR1 2DQ
642	NORFOLK (642)	Norfolk Register Office Norwich The Archive Centre Martineau Lane	Norwich			NR1 2DQ
548	NORTH EAST LINCOLNSHIRE (548)	North East Lincolnshire Register Office	Cleethorpes	Cleethorpes Town Hall Knoll Street	Cleethorpes North East Lincolnshire	DN35 8LN
548	NORTH EAST LINCOLNSHIRE (548)	Register Office	Cleethorpes Town Hall Knoll Street	Cleethorpes		DN35 8LN
554	NORTH LINCOLNSHIRE (554)	North Lincolnshire Register Office	Scunthorpe	Civic Centre	Ashby Road Scunthorpe	DN16 1AB
554	NORTH LINCOLNSHIRE (554)	Register Office	Civic Centre	Ashby Road Scunthorpe	North Lincolnshire	DN16 1AB
307	NORTH SOMERSET (307)	North Somerset Register Office	Weston Super Mare	The Town Hall Walliscote Grove Road Weston Super Mare		BS23 1UJ
307	NORTH SOMERSET (307)	The Town Hall	Walliscote Grove Road Weston Super Mare			BS23 1UJ
054	NORTH TYNESIDE (054)	North Tyneside Register Office North Shields	Maritime Chambers	I Howard Street North Shields	North Tyneside	NE30 1LZ
054	NORTH TYNESIDE (054)	North Tyneside Register Office Maritime Chambers 1 Howard Street	North Shields North Tyneside			NE30 1LZ
650	NORTH YORKSHIRE (650)	North Yorkshire Register Office	Harrogate	Bilton House	31 Park Parade Harrogate	HG1 5AG
650	NORTH YORKSHIRE (650)	The Register Office Bilton House	31 Park Parade Harrogate	North Yorkshire		HG1 5AG
650	NORTH YORKSHIRE (650)	County Hall Northallerton				DL7 8XE
650	NORTH YORKSHIRE (650)	12 Queens Road Richmond				DL10 4AF
650	NORTH YORKSHIRE (650)	Rydale House Old Malton Road	Malton			YO17 0HH
650	NORTH YORKSHIRE (650)	North Cliff House 69 Burniston Road	Scarborough			YO12 6PH
650	NORTH YORKSHIRE (650)	Selby Registration Office Civic Centre	Doncaster Road Selby	North Yorkshire		YO8 9FT
650	NORTH YORKSHIRE (650)	Belle Vue Square 1 Boughton Road Skipton	North Yorkshire			BD23 1FJ
650	NORTH YORKSHIRE (650)	The Registration Office Farndale House	Church Square Whitby			YO21 3EG
674	NORTHAMPTONSHIRE (674)	Northamptonshire Register Office Northampton Northamptonshire Central Library Abington Street	Northamptonshire			NN1 2BA
674	NORTHAMPTONSHIRE (674)	Northamptonshire Register Office Northamptonshire Central Library Abington Street	Northamptonshire			NN1 2BA
674	NORTHAMPTONSHIRE (674)	Wellingborough Register Office Council Offices	Swanspool Hse Wellingborough	northants		NN8 18P
681	NORTHUMBERLAND (681)	Northumberland Register Office Morpeth The Town Hall Market Place	Morpeth Northumberland			NE61 1LZ
681	NORTHUMBERLAND (681)	Northumberland Register Office Morpeth The Town Hall	Market Place Morpeth	Northumberland		NE61 1LZ
681	NORTHUMBERLAND (681)	27 Fenkle Street Alnwick	Northumberland			NE66 1HW
681	NORTHUMBERLAND (681)	Berwick Community Centre 5 Palace Street East Berwick Upon Tweed				TD15 1HT
681	NORTHUMBERLAND (681)	Hadrian House Market Street	Hexham Northumberland			NE36 3NH
689	NOTTINGHAM (689)	Nottingham Register Office The Council House Old Market Square	Nottingham			NG1 2DT
689	NOTTINGHAM (689)	The Register Office	The Council House Old Market Square	Nottingham		NG1 2DT
692	NOTTINGHAMSHIRE (692)	Nottinghamshire Register Office Worksop Memorial Avenue Worksop				S80 2BP
692	NOTTINGHAMSHIRE (692)	Beeston Registration Office Beeston Library	Foster Avenue Beeston			NG9 1AE
692	NOTTINGHAMSHIRE (692)	Sutton In Ashfield Library Idlewells Precinct Sutton In Ashfield				NG17 1BP
692	NOTTINGHAMSHIRE (692)	The Registration Office 100 Chesterfield Road South Mansfield				NG19 7DN
692	NOTTINGHAMSHIRE (692)	The Registration Office County Offices Balderton Gate Newark				NG241UW
007	OLDHAM (007)	Oldham Register Office Chadderton Town Hall Middleton Road	Chadderton	Oldham		OL9 6PP
007	OLDHAM (007)	Oldham Register Office Chadderton Town Hall Middleton Road	chadderton	Oldham		OL9 6PP
695	OXFORDSHIRE (695)	Oxfordshire Register Office	Oxford Tidmarsh Lane Oxford			OX1 1NS
695	OXFORDSHIRE (695)	Oxfordshire District	Register Office Tidmarsh Lane	Oxford		OX1 1NS
819	PEMBROKESHIRE (819)	Pembrokeshire Register Office	Haverfordwest	1 Cherry Grove Haverfordwest	Pembrokeshire	SA61 2NZ
819	PEMBROKESHIRE (819)	Pembrokeshire Register Office 1 Cherry Grove Haverfordwest	Pembrokeshire			SA61 2NZ
819	PEMBROKESHIRE (819)	Town Hall Fishguard		Pembrokeshire		SA65 9HD
335	PETERBOROUGH (335)	Peterborough Register Office 33 Thorpe Road Peterborough				PE3 6AB
335	PETERBOROUGH (335)	The Register Office	33 Thorpe Road Peterborough			PE3 6AB
416	PLYMOUTH (416)	Plymouth Register Office	Lockyer Street Plymouth			PL1 2QD
416	PLYMOUTH (416)	The Register Office	Lockyer Street Plymouth			PL1 2QD
431	POOLE (431)	Poole Register Office	The Guildhall Market Street	Poole	Dorset	BH15 1NP
431	POOLE (431)	The Register Office	The Guildhall Market Street	Poole	Dorset	BH15 1NP
497	PORTSMOUTH (497)	Portsmouth Register Office	Milldam House Burnaby Road	Portsmouth	Hampshire	PO1 3AF
497	PORTSMOUTH (497)	Register Office	Milldam House	Burnaby Road	Portsmouth	PO1 3AF
882	POWYS (882)	Powys Register Office	Llandrindod Wells The Gwalia Ithon Road	Llandrindod Wells		LD1 6AA
882	POWYS (882)	Neuadd Brycheiniog Cambrian Way	Brecon	Powys		LD3 7HR
320	READING (320)	Reading Register Office	Yeomanry House 131 Castle Hill	Reading	Berkshire	RG1 7TA
320	READING (320)	Yeomanry House	131 Castle Hill Reading	Berkshire		RG1 7TA
247	REDBRIDGE (247)	Redbridge Register Office	Ilford Queen Victoria House 794 Cranbrook Rd	Barkingside Ilford	Essex	IG6 1JS
247	REDBRIDGE (247)	Redbridge Register Office Queen Victoria House 794 Cranbrook Road	barkingside Ilford	Essex		IG6 1JS
349	REDCAR AND CLEVELAND (349)	Redcar and Cleveland Register Office Redcar	Leisure and Community Heart Ridley Street	Redcar		TS10 1TD
349	REDCAR AND CLEVELAND (349)	Redcar and Cleveland Register Office Leisure and Community Heart Ridley Street	Redcar			TS10 1TD
864	RHONDDA CYNON TAF (864)	Rhondda Cynon Taf Register Office	Pontypridd	Municipal Buildings Gelliwastad Road	Pontypridd	CF37 2DP
864	RHONDDA CYNON TAF (864)	Rhondda Cynon Taf Register Office Municipal Buildings Gelliwastad Road	Pontypridd			CF37 2DP
248	RICHMOND UPON THAMES (248)	Richmond Upon Thames Register Office York House Richmond Road	Twickenham			TW1 3AA
248	RICHMOND UPON THAMES (248)	York House	Richmond Road Twickenham			TW1 3AA
009	ROCHDALE (009)	Rochdale Register Office	Town Hall The Esplanade	Rochdale	Lancs	OL16 1AB
045	ROTHERHAM (045)	Rotherham Register Office	Riverside House Main Street	Rotherham	South Yorks	S60 1AE
045	ROTHERHAM (045)	Rotherham Register Office	Riverside House Main Street Rotherham South Yorkshire			S60 1AE
604	RUTLAND (604)	Rutland Register Office	Oakham	Catmose Oakham	Rutland	LE15 6JU
604	RUTLAND (604)	The Register Office	Catmose Oakham	Rutland		LE15 6JU
011	SALFORD (011)	Salford Register Office	Swinton Town Hall	Chorley Road Swinton	Manchester	M27 5DA
011	SALFORD (011)	Salford Register Office	Swinton Town Hall	Chorley Road Swinton	Manchester	M27 5WH
070	SANDWELL (070)	Sandwell Register Office Highfields	High Street West Bromwich	Sandwell West Midlands		B70 8RJ
070	SANDWELL (070)	The Register Office Highfields	High Street West Bromwich	Sandwell West Midlands		B70 8RJ
035	SEFTON (035)	Sefton Register Office Southport	Town Hall Corporation Street Southport	Merseyside		PR8 1DA
035	SEFTON (035)	Crosby Town Hall Great Georges Road Waterloo	Liverpool			L22 1RB
048	SHEFFIELD (048)	Sheffield Register Office	The Town Hall Sheffield	South Yorkshire		S1 2HH
717	SHROPSHIRE (717)	Shropshire Register Office	Shrewsbury The Shirehall Abbey Foregate Shrewsbury Shropshire			SY2 6ND
717	SHROPSHIRE (717)	Shropshire Register Office	The Shirehall Abbey Foregate Shrewsbury Shropshire			SY2 6ND
717	SHROPSHIRE (717)	The Library Listley Street Bridgnorth	Shropshire			WV164AW
717	SHROPSHIRE (717)	The Museum and Library Resource Centre 7/9 Parkway	Ludlow			SY8 2PG
717	SHROPSHIRE (717)	C/o the Library Civic Centre	High Street Whitchurch	Shropshire		SY13 1LJ
321	SLOUGH (321)	Slough Register Office	The Curve William Street	Slough		SL1 2JG
073	SOLIHULL (073)	Solihull Register Office	Solihull Homer Road Solihull	West Midlands		B91 3QZ
073	SOLIHULL (073)	Solihull Connect	Ground Floor Library Square Solihull	West Midlands		B91 3RG
722	SOMERSET (722)	Somerset Register Office Taunton The Old Municipal Building Corporation Street Taunton Somerset				TA1 4AQ
722	SOMERSET (722)	Bridgwater Registration Office Morgan House	Mount Street	Bridgwater		TA6 3ER
722	SOMERSET (722)	Glastonbury Registration Office	glastonbury Library Hub 1 Orchard Ct	the Archers Way	Glastonbury	BA6 9JB
304	SOUTH GLOUCESTERSHIRE (304)	South Gloucestershire Register Office	Kingswood	Kingswood Civic Centre High Street	Kingswood South Gloucestershire	BS15 9TR
304	SOUTH GLOUCESTERSHIRE (304)	South Gloucestershire Register Office Kingswood Civic Centre High Street	Kingswood S Gloucestershire			BS15 9TR
057	SOUTH TYNESIDE (057)	South Tyneside Register Office	South Shields	10 Broughton Road South Shields	Tyne and Wear	NE33 2RN
057	SOUTH TYNESIDE (057)	10 Broughton Road	South Shields Tyne and Wear			NE33 2RN
500	SOUTHAMPTON (500)	Southampton Register Office 6a Bugle Street Southampton				SO14 2AJ
500	SOUTHAMPTON (500)	6a Bugle Street	Southampton .			SO14 2LX
475	SOUTHEND ON SEA (475)	Southend On Sea Register Office Southend On Sea	Civic Centre Victoria Avenue	Southend On Sea		SS2 6ER
475	SOUTHEND ON SEA (475)	The Register Office	Civic Centre Victoria Avenue	Southend On Sea		SS2 6ER
251	SOUTHWARK (251)	Southwark Register Office	34 Peckham Road Southwark	London		SE5 8QA
251	SOUTHWARK (251)	Register Office	34 Peckham Road Southwark	London		SE5 8QA
030	ST HELENS (030)	St Helens Register Office	Central Street St Helens	Merseyside		WA10 1UJ
738	STAFFORDSHIRE (738)	Staffordshire Register Office	Stafford 1 Staffordshire Place Stafford			ST16 2LP
738	STAFFORDSHIRE (738)	20 Sidmouth Avenue	the Brampton Newcastle Under Lyme	Staffordshire		ST5 OQN
738	STAFFORDSHIRE (738)	Moorlands House Stockwell Street	Leek	Staffs		ST136HQ
013	STOCKPORT (013)	Stockport Register Office	Town Hall John Street Entrance	Stockport		SK1 3XE
350	STOCKTON-ON-TEES (350)	Stockton-On-Tees Register Office Nightingale House Balaclava Street	Stockton-On-Tees			TS18 2AL
350	STOCKTON-ON-TEES (350)	The Register Office	Nightingale House Balaclava Street	Stockton-On-Tees		TS18 2AL
737	STOKE ON TRENT (737)	Stoke On Trent Register Office	Town Hall Hanley	Stoke On Trent		ST1 1QQ
737	STOKE ON TRENT (737)	Floor 1	Town Hall Hanley	Stoke On Trent		ST1 1QQ
748	SUFFOLK (748)	Suffolk Register Office	Ipswich St Peter House 16 Grimwade Street Ipswich	Suffolk		IP4 1LP
748	SUFFOLK (748)	Suffolk Register Office	Ipswich St Peter House 16 Grimwade Street Ipswich	Suffolk 1		P4 1LP
748	SUFFOLK (748)	7 Angel Hill Bury St Edmunds	Suffolk			IP33 1UZ
748	SUFFOLK (748)	2 Canning Road Lowestoft	Suffolk			NR33 0EQ
748	SUFFOLK (748)	The Town Hall Old Market Place	Sudbury	Suffolk		CO10 1TL
058	SUNDERLAND (058)	Sunderland Register Office	Po Box 108	Civic Centre	Burdon Road Sunderland	SR2 7DN
058	SUNDERLAND (058)	Sunderland Register Office	Po Box 108 Civic Centre	Burdon Road Sunderland		SR2 7DN
759	SURREY (759)	Surrey Register Office	Weybridge	Rylston 81 Oatlands Drive	Weybridge	KT13 9LN
759	SURREY (759)	Farnham Library Vernon House	28 West Street Farnham	Surrey		GU9 7DR
759	SURREY (759)	The Mansion Church Street	Leatherhead	Surrey		KT22 8DP
254	SUTTON (254)	Sutton Register Office	Russettings 25 Worcester Road	Sutton	Surrey	SM2 6PR
254	SUTTON (254)	The Register Office	Russettings 25 Worcester Road	Sutton	Surrey	SM2 6PR
897	SWANSEA (897)	Swansea Register Office	The Civic Centre Swansea			SA1 3SN
796	SWINDON (796)	Swindon Register Office	Civic Offices Euclid Street	Swindon	Wiltshire	SN1 2JH
014	TAMESIDE (014)	Tameside Register Office	Dukinfield Town Hall King Street	Dukinfield	Cheshire	SK16 4LA
716	TELFORD AND WREKIN (716)	Telford and Wrekin Register Office	Wellington Wellington Civic and Leisure Centre	Tan Bank Wellington	Telford Shropshire	TF1 1LX
716	TELFORD AND WREKIN (716)	Wellington Civic and Leisure Centre Tan Bank Wellington	Telford Shropshire			TF1 1LX
477	THURROCK (477)	Thurrock Register Office	Grays Thameside Complex Orsett Road	Grays	Essex	RM17 5DX
477	THURROCK (477)	Thurrock Register Office Thameside Complex	Orsett Road Grays	Essex		RM17 5DX
422	TORBAY (422)	Torbay Register Office	Torquay 1st Floor	Cockington Court Cockington	Torquay	TQ2 6XA
422	TORBAY (422)	Torbay Sub District Office Paignton Library and Information Centre Great Western Road	Paignton			TQ4 5AG
837	TORFAEN (837)	Torfaen Register Office	Pontypool The Civic Centre Pontypool	Torfaen		NP4 6YB
837	TORFAEN (837)	The Register Office	The Civic Centre Pontypool	Torfaen		NP4 6YB
246	TOWER HAMLETS (246)	Tower Hamlets Register Office Bromley Public Hall Bow Road	London			E3 3AA
246	TOWER HAMLETS (246)	Bromley Public Hall	Bow Road London			E3 3AA
015	TRAFFORD (015)	Trafford Register Office	Sale Sale Town Hall Sale Waterside	Sale		M33 7ZF
015	TRAFFORD (015)	Trafford Register Office	Sale Town Hall Sale Waterside	Sale		M33 7ZF
891	VALE OF GLAMORGAN (891)	Vale of Glamorgan Register Office	Barry Civic Offices Holton Road	Barry		CF63 4RU
891	VALE OF GLAMORGAN (891)	The Register Office	Civic Offices Holton Road	Barry		CF63 4RU
097	WAKEFIELD (097)	Wakefield Register Office Wakefield Town Hall Wood Street Wakefield	West Yorkshire			WF1 2HQ
097	WAKEFIELD (097)	Wakefield Register Office Wakefield Town Hall Wood Street Wakefield	west Yorkshire			WF1 2HQ
097	WAKEFIELD (097)	Town Hall Bridge Street	Pontefract			WF8 1PG
075	WALSALL (075)	Walsall Register Office	Civic Centre Hatherton Road	Walsall		WS1 1TN
075	WALSALL (075)	Register Office	Civic Centre Hatherton Road	Walsall		WS1 1TN
255	WALTHAM FOREST (255)	Waltham Forest Register Office	Walthamstow	106 Grove Road Walthamstow	London	E17 9BY
255	WALTHAM FOREST (255)	106 Grove Road	Walthamstow London			E17 9BY
256	WANDSWORTH (256)	Wandsworth Register Office	The Town Hall Wandsworth High Street	London		SW18 2PU
256	WANDSWORTH (256)	The Town Hall	Wandsworth High Street London			SW18 2PU
346	WARRINGTON (346)	Warrington Register Office	Museum Street Warrington	Cheshire		WA1 1JX
346	WARRINGTON (346)	Register Office	Museum Street Warrington			WA1 1JX
776	WARWICKSHIRE (776)	Warwickshire Register Office Warwick Po Box 9 Shire Hall	Warwick			CV34 4RL
776	WARWICKSHIRE (776)	Riversley Park Coton Road	Nuneaton			CV11 5HA
319	WEST BERKSHIRE (319)	West Berkshire Register Office	Newbury Shaw House	Church Road Shaw	newbury	RG14 2DR
319	WEST BERKSHIRE (319)	Shaw House	Church Road Shaw	newbury	Berkshire	RG14 2DR
785	WEST SUSSEX (785)	West Sussex Register Office Crawley Southgate Avenue Crawley	West Sussex			RH10 6HG
785	WEST SUSSEX (785)	West Sussex Register Office Southgate Avenue Crawley				RH10 6HG
785	WEST SUSSEX (785)	West Sussex Records Office Orchard Street	Chichester			PO19 1DD
785	WEST SUSSEX (785)	Haywards Heath Library 34 Boltro Road	Haywards Heath			RH16 1BN
785	WEST SUSSEX (785)	Portland House Richmond Road	Worthing			BN11 1HH
258	WESTMINSTER (258)	Westminster Register Office Westminster City Hall 64 Victoria Street	London			SW1E 6QP
258	WESTMINSTER (258)	Westminster Registration Office 317 Harrow Road London				W9 3RJ
018	WIGAN AND LEIGH (018)	Wigan and Leigh Register Office	Wigan Wigan Council Life Centre (north) 2nd Floor	the Wiend Wigan	Lancashire	WN1 1NH
018	WIGAN AND LEIGH (018)	Wigan and Leigh Register Office Wigan Council Life Centre (north) 2nd Floor	the Wiend Wigan	Lancashire		WN1 1NH
799	WILTSHIRE (799)	Wiltshire Register Office Trowbridge County Hall Trowbridge	Wiltshire			BA14 8JN
799	WILTSHIRE (799)	Bourne Hill Salisbury	Wiltshire			SP1 3UZ
799	WILTSHIRE (799)	4 Timber Street Chippenham	Wiltshire			SN15 3BZ
799	WILTSHIRE (799)	Crossmolina Buildings 3 - 5 Snuff Street Devizes	Wiltshire			SN10 1FG
322	WINDSOR AND MAIDENHEAD (322)	Windsor and Maidenhead Register Office	Maidenhead	Town Hall St Ives Road	Maidenhead	SL6 1RF
322	WINDSOR AND MAIDENHEAD (322)	The Register Office	Town Hall St Ives Road	Maidenhead		SL6 1RF
037	WIRRAL (037)	Wirral Register Office	Birkenhead Town Hall	Mortimer Street Birkenhead	Merseyside	CH41 5EU
323	WOKINGHAM (323)	Wokingham Register Office	Civic Offices Shute End	Wokingham	Berkshire	RG40 1WH
323	WOKINGHAM (323)	The Registration Service Civic Offices	Shute End Wokingham	Berkshire		RG40 1WH
077	WOLVERHAMPTON (077)	Wolverhampton Register Office	Civic Centre St Peters Square	Wolverhampton		WV1 1RU
077	WOLVERHAMPTON (077)	Civic Centre	St Peters Square Wolverhampton			WV1 1RU
527	WORCESTERSHIRE (527)	Worcestershire Register Office	Worcester County Hall Spetchley Road	Worcester		WR5 2NP
527	WORCESTERSHIRE (527)	Worcestershire Register Office	County Hall Spetchley Road	Worcester		WR5 2NP
527	WORCESTERSHIRE (527)	Worcestershire Royal Hospital Meadow Level	Charles Hastings Way			WR5 1DD
527	WORCESTERSHIRE (527)	29 Easemore Road Redditch				B98 8ER
527	WORCESTERSHIRE (527)	The Hub	Kidderminster Town Hall	Vicar Street	Kidderminster	DY10 1DB
813	WREXHAM (813)	Wrexham Register Office	Guildhall Wrexham			LL11 1AY
813	WREXHAM (813)	The Register Office	Guildhall Wrexham			LL11 1AY
857	YNYS MON (857)	Ynys Mon Register Office	Llangefni Shire Hall	Glanhwfa Road Llangefni	Anglesey	LL77 7TW
857	YNYS MON (857)	Shire Hall	Glanhwfa Road Llangefni	Anglesey		LL77 7TW
661	YORK (661)	York Register Office	56 Bootham York			YO30 7DA
661	YORK (661)	Register Office	56 Bootham York			YO30 7DA
